--
-- PostgreSQL database dump
--

-- Dumped from database version 16.9 (Homebrew)
-- Dumped by pg_dump version 16.9 (Homebrew)

SET statement_timeout = 0;
SET lock_timeout = 0;
SET idle_in_transaction_session_timeout = 0;
SET client_encoding = 'UTF8';
SET standard_conforming_strings = on;
SELECT pg_catalog.set_config('search_path', '', false);
SET check_function_bodies = false;
SET xmloption = content;
SET client_min_messages = warning;
SET row_security = off;

SET default_tablespace = '';

SET default_table_access_method = heap;

--
-- Name: auth_group; Type: TABLE; Schema: public; Owner: gdm_db_user
--

CREATE TABLE public.auth_group (
    id bigint NOT NULL,
    name character varying(150) NOT NULL
);


ALTER TABLE public.auth_group OWNER TO gdm_db_user;

--
-- Name: auth_group_id_seq; Type: SEQUENCE; Schema: public; Owner: gdm_db_user
--

ALTER TABLE public.auth_group ALTER COLUMN id ADD GENERATED BY DEFAULT AS IDENTITY (
    SEQUENCE NAME public.auth_group_id_seq
    START WITH 1
    INCREMENT BY 1
    NO MINVALUE
    NO MAXVALUE
    CACHE 1
);


--
-- Name: auth_group_permissions; Type: TABLE; Schema: public; Owner: gdm_db_user
--

CREATE TABLE public.auth_group_permissions (
    id bigint NOT NULL,
    group_id bigint NOT NULL,
    permission_id bigint NOT NULL
);


ALTER TABLE public.auth_group_permissions OWNER TO gdm_db_user;

--
-- Name: auth_group_permissions_id_seq; Type: SEQUENCE; Schema: public; Owner: gdm_db_user
--

ALTER TABLE public.auth_group_permissions ALTER COLUMN id ADD GENERATED BY DEFAULT AS IDENTITY (
    SEQUENCE NAME public.auth_group_permissions_id_seq
    START WITH 1
    INCREMENT BY 1
    NO MINVALUE
    NO MAXVALUE
    CACHE 1
);


--
-- Name: auth_permission; Type: TABLE; Schema: public; Owner: gdm_db_user
--

CREATE TABLE public.auth_permission (
    id bigint NOT NULL,
    name character varying(255) NOT NULL,
    content_type_id integer NOT NULL,
    codename character varying(100) NOT NULL
);


ALTER TABLE public.auth_permission OWNER TO gdm_db_user;

--
-- Name: auth_permission_id_seq; Type: SEQUENCE; Schema: public; Owner: gdm_db_user
--

ALTER TABLE public.auth_permission ALTER COLUMN id ADD GENERATED BY DEFAULT AS IDENTITY (
    SEQUENCE NAME public.auth_permission_id_seq
    START WITH 1
    INCREMENT BY 1
    NO MINVALUE
    NO MAXVALUE
    CACHE 1
);


--
-- Name: core_customuser; Type: TABLE; Schema: public; Owner: gdm_db_user
--

CREATE TABLE public.core_customuser (
    id bigint NOT NULL,
    password character varying(128) NOT NULL,
    last_login timestamp with time zone,
    is_superuser boolean NOT NULL,
    first_name character varying(150) NOT NULL,
    last_name character varying(150) NOT NULL,
    is_staff boolean NOT NULL,
    is_active boolean NOT NULL,
    date_joined timestamp with time zone NOT NULL,
    email character varying(254) NOT NULL
);


ALTER TABLE public.core_customuser OWNER TO gdm_db_user;

--
-- Name: core_customuser_groups; Type: TABLE; Schema: public; Owner: gdm_db_user
--

CREATE TABLE public.core_customuser_groups (
    id bigint NOT NULL,
    customuser_id bigint NOT NULL,
    group_id bigint NOT NULL
);


ALTER TABLE public.core_customuser_groups OWNER TO gdm_db_user;

--
-- Name: core_customuser_groups_id_seq; Type: SEQUENCE; Schema: public; Owner: gdm_db_user
--

ALTER TABLE public.core_customuser_groups ALTER COLUMN id ADD GENERATED BY DEFAULT AS IDENTITY (
    SEQUENCE NAME public.core_customuser_groups_id_seq
    START WITH 1
    INCREMENT BY 1
    NO MINVALUE
    NO MAXVALUE
    CACHE 1
);


--
-- Name: core_customuser_id_seq; Type: SEQUENCE; Schema: public; Owner: gdm_db_user
--

ALTER TABLE public.core_customuser ALTER COLUMN id ADD GENERATED BY DEFAULT AS IDENTITY (
    SEQUENCE NAME public.core_customuser_id_seq
    START WITH 1
    INCREMENT BY 1
    NO MINVALUE
    NO MAXVALUE
    CACHE 1
);


--
-- Name: core_customuser_user_permissions; Type: TABLE; Schema: public; Owner: gdm_db_user
--

CREATE TABLE public.core_customuser_user_permissions (
    id bigint NOT NULL,
    customuser_id bigint NOT NULL,
    permission_id bigint NOT NULL
);


ALTER TABLE public.core_customuser_user_permissions OWNER TO gdm_db_user;

--
-- Name: core_customuser_user_permissions_id_seq; Type: SEQUENCE; Schema: public; Owner: gdm_db_user
--

ALTER TABLE public.core_customuser_user_permissions ALTER COLUMN id ADD GENERATED BY DEFAULT AS IDENTITY (
    SEQUENCE NAME public.core_customuser_user_permissions_id_seq
    START WITH 1
    INCREMENT BY 1
    NO MINVALUE
    NO MAXVALUE
    CACHE 1
);


--
-- Name: core_participant; Type: TABLE; Schema: public; Owner: gdm_db_user
--

CREATE TABLE public.core_participant (
    id bigint NOT NULL,
    start_date date NOT NULL,
    daily_steps jsonb NOT NULL,
    targets jsonb NOT NULL,
    device_type character varying(50) NOT NULL,
    fitbit_user_id character varying(100),
    fitbit_access_token text,
    fitbit_refresh_token text,
    fitbit_token_expires timestamp with time zone,
    fitbit_auth_token uuid NOT NULL,
    user_id bigint NOT NULL,
    language character varying(2) NOT NULL,
    message_history jsonb NOT NULL
);


ALTER TABLE public.core_participant OWNER TO gdm_db_user;

--
-- Name: core_participant_id_seq; Type: SEQUENCE; Schema: public; Owner: gdm_db_user
--

ALTER TABLE public.core_participant ALTER COLUMN id ADD GENERATED BY DEFAULT AS IDENTITY (
    SEQUENCE NAME public.core_participant_id_seq
    START WITH 1
    INCREMENT BY 1
    NO MINVALUE
    NO MAXVALUE
    CACHE 1
);


--
-- Name: django_admin_log; Type: TABLE; Schema: public; Owner: gdm_db_user
--

CREATE TABLE public.django_admin_log (
    id integer NOT NULL,
    action_time timestamp with time zone NOT NULL,
    object_id text,
    object_repr character varying(200) NOT NULL,
    action_flag smallint NOT NULL,
    change_message text NOT NULL,
    content_type_id integer,
    user_id bigint NOT NULL,
    CONSTRAINT django_admin_log_action_flag_check CHECK ((action_flag >= 0))
);


ALTER TABLE public.django_admin_log OWNER TO gdm_db_user;

--
-- Name: django_admin_log_id_seq; Type: SEQUENCE; Schema: public; Owner: gdm_db_user
--

ALTER TABLE public.django_admin_log ALTER COLUMN id ADD GENERATED BY DEFAULT AS IDENTITY (
    SEQUENCE NAME public.django_admin_log_id_seq
    START WITH 1
    INCREMENT BY 1
    NO MINVALUE
    NO MAXVALUE
    CACHE 1
);


--
-- Name: django_content_type; Type: TABLE; Schema: public; Owner: gdm_db_user
--

CREATE TABLE public.django_content_type (
    id integer NOT NULL,
    app_label character varying(100) NOT NULL,
    model character varying(100) NOT NULL
);


ALTER TABLE public.django_content_type OWNER TO gdm_db_user;

--
-- Name: django_content_type_id_seq; Type: SEQUENCE; Schema: public; Owner: gdm_db_user
--

ALTER TABLE public.django_content_type ALTER COLUMN id ADD GENERATED BY DEFAULT AS IDENTITY (
    SEQUENCE NAME public.django_content_type_id_seq
    START WITH 1
    INCREMENT BY 1
    NO MINVALUE
    NO MAXVALUE
    CACHE 1
);


--
-- Name: django_migrations; Type: TABLE; Schema: public; Owner: gdm_db_user
--

CREATE TABLE public.django_migrations (
    id bigint NOT NULL,
    app character varying(255) NOT NULL,
    name character varying(255) NOT NULL,
    applied timestamp with time zone NOT NULL
);


ALTER TABLE public.django_migrations OWNER TO gdm_db_user;

--
-- Name: django_migrations_id_seq; Type: SEQUENCE; Schema: public; Owner: gdm_db_user
--

ALTER TABLE public.django_migrations ALTER COLUMN id ADD GENERATED BY DEFAULT AS IDENTITY (
    SEQUENCE NAME public.django_migrations_id_seq
    START WITH 1
    INCREMENT BY 1
    NO MINVALUE
    NO MAXVALUE
    CACHE 1
);


--
-- Name: django_session; Type: TABLE; Schema: public; Owner: gdm_db_user
--

CREATE TABLE public.django_session (
    session_key character varying(40) NOT NULL,
    session_data text NOT NULL,
    expire_date timestamp with time zone NOT NULL
);


ALTER TABLE public.django_session OWNER TO gdm_db_user;

--
-- Name: goals_weeklygoal; Type: TABLE; Schema: public; Owner: gdm_db_user
--

CREATE TABLE public.goals_weeklygoal (
    id bigint NOT NULL,
    week_start date NOT NULL,
    week_end date NOT NULL,
    average_steps integer NOT NULL,
    increase character varying(50) NOT NULL,
    new_target integer NOT NULL,
    created_at timestamp with time zone NOT NULL,
    participant_id bigint NOT NULL
);


ALTER TABLE public.goals_weeklygoal OWNER TO gdm_db_user;

--
-- Name: goals_weeklygoal_id_seq; Type: SEQUENCE; Schema: public; Owner: gdm_db_user
--

ALTER TABLE public.goals_weeklygoal ALTER COLUMN id ADD GENERATED BY DEFAULT AS IDENTITY (
    SEQUENCE NAME public.goals_weeklygoal_id_seq
    START WITH 1
    INCREMENT BY 1
    NO MINVALUE
    NO MAXVALUE
    CACHE 1
);


--
-- Data for Name: auth_group; Type: TABLE DATA; Schema: public; Owner: gdm_db_user
--

COPY public.auth_group (id, name) FROM stdin;
1	Managers
\.


--
-- Data for Name: auth_group_permissions; Type: TABLE DATA; Schema: public; Owner: gdm_db_user
--

COPY public.auth_group_permissions (id, group_id, permission_id) FROM stdin;
1	1	13
2	1	14
3	1	15
4	1	16
5	1	17
6	1	18
7	1	19
8	1	20
\.


--
-- Data for Name: auth_permission; Type: TABLE DATA; Schema: public; Owner: gdm_db_user
--

COPY public.auth_permission (id, name, content_type_id, codename) FROM stdin;
1	Can add log entry	1	add_logentry
2	Can change log entry	1	change_logentry
3	Can delete log entry	1	delete_logentry
4	Can view log entry	1	view_logentry
5	Can add content type	2	add_contenttype
6	Can change content type	2	change_contenttype
7	Can delete content type	2	delete_contenttype
8	Can view content type	2	view_contenttype
9	Can add session	3	add_session
10	Can change session	3	change_session
11	Can delete session	3	delete_session
12	Can view session	3	view_session
13	Can add user	4	add_customuser
14	Can change user	4	change_customuser
15	Can delete user	4	delete_customuser
16	Can view user	4	view_customuser
17	Can add participant	5	add_participant
18	Can change participant	5	change_participant
19	Can delete participant	5	delete_participant
20	Can view participant	5	view_participant
21	Can add weekly goal	6	add_weeklygoal
22	Can change weekly goal	6	change_weeklygoal
23	Can delete weekly goal	6	delete_weeklygoal
24	Can view weekly goal	6	view_weeklygoal
25	Can add permission	7	add_permission
26	Can change permission	7	change_permission
27	Can delete permission	7	delete_permission
28	Can view permission	7	view_permission
29	Can add group	8	add_group
30	Can change group	8	change_group
31	Can delete group	8	delete_group
32	Can view group	8	view_group
\.


--
-- Data for Name: core_customuser; Type: TABLE DATA; Schema: public; Owner: gdm_db_user
--

COPY public.core_customuser (id, password, last_login, is_superuser, first_name, last_name, is_staff, is_active, date_joined, email) FROM stdin;
4	pbkdf2_sha256$600000$k5qQlG5V4FIH6Q6DI0V0GI$n3J+z4nLKfhxnk1SUxxKS48Ihynyhf3VK94mDKU9tpI=	\N	f			f	t	2025-09-15 11:38:25.922293-04	participant4@myyeast.com
6	pbkdf2_sha256$600000$ZhY0r4zOoqqGcKSeS4JnTB$1aOyTartzh4wE7koCPbKI9HYLkSNUkKLC4up5yudJLQ=	\N	f			f	t	2025-09-15 11:38:26.307439-04	participant6@myyeast.com
8	pbkdf2_sha256$600000$cEWs7j0Ahj0p72czyXIctI$SXQiy88gjKV+qieMlbOT4lgbRYBBECKluvTUI2BgdrM=	\N	f			f	t	2025-09-15 11:38:26.683659-04	participant8@myyeast.com
9	pbkdf2_sha256$600000$YmNToEfFvOZCfV6hFhKQfc$9zkr+aOAoc5JVIY8TIwiPgN9857AVSIwrvGiXeVlUt0=	\N	f			f	t	2025-09-15 11:38:26.872134-04	participant9@myyeast.com
10	pbkdf2_sha256$600000$SfMYvvPPxd2cYYrqflZXUC$CeTk5UAa2cgxkZubLYejr0JuCbxxGyot1innpkqelcA=	\N	f			f	t	2025-09-15 11:38:27.061923-04	participant10@myyeast.com
11	pbkdf2_sha256$600000$Dgqwrt8WnX6oMXNxrr2cTR$euFGqoiL7vFv/mguIuDYm4Ul9mVO16zCl9JCDlxO9o0=	\N	f			f	t	2025-09-15 11:38:27.251023-04	participant11@myyeast.com
12	pbkdf2_sha256$600000$Fzt0StaYNmov1AcM079AXQ$jaQ+5e/LU6Ho3EOUVP5DhCk0lDv+U0YM45Ur+kXlufM=	\N	f			f	t	2025-09-15 11:38:27.439519-04	participant12@myyeast.com
13	pbkdf2_sha256$600000$DWe0oOPumj5SAsSiig9yKb$4hXuwSh8HwbckeUxuSMX3m4v9Z+jwsKNHscH3TxgqVs=	\N	f			f	t	2025-09-15 11:38:27.627783-04	participant13@myyeast.com
14	pbkdf2_sha256$600000$Cq22doGrUYp7UcLNSCVs9N$hxJqJ0qxidmiDrvnM2f4J3uo/Kb2rtnsBfTdoD44Xwc=	\N	f			f	t	2025-09-15 11:38:27.816634-04	participant14@myyeast.com
15	pbkdf2_sha256$600000$sFR2Q5UEze84YzQZNJM59c$Fp68Pa8K1unGOyeQEZHn3TQDRr0kLjalPUqq5wbiYFs=	\N	f			f	t	2025-09-15 11:38:28.004484-04	participant15@myyeast.com
16	pbkdf2_sha256$600000$cFX2TRd9G8JcLjeYBpg5PH$Cp+qiRP8TdzQ70q44ER+AZROvwg9t7O8gKOl0QyAwpM=	\N	f			f	t	2025-09-15 11:38:28.192342-04	participant16@myyeast.com
32	pbkdf2_sha256$600000$qk844ky3Nx1W2Em1ish68e$rty0II6uWyV4Oj6VDHOFSHzLeP3ScEnnQ9u4i+PVwrI=	\N	f			f	t	2025-09-15 11:38:56.496529-04	participant32@myyeast.com
33	pbkdf2_sha256$600000$ihihDKadt77LlZyL79Tjlo$LKbrX2/6fyy6neUpw+/LmPihsVbTLqaWOP9mrNj/s8E=	\N	f			f	t	2025-09-15 11:38:56.696601-04	participant33@myyeast.com
34	pbkdf2_sha256$600000$7wxICqGTlWV0QZ21QRPpVi$sb9n/ENXbqdrKY0Zv0SPKUCeF2rwQHzyP2gJk+GQpUI=	\N	f			f	t	2025-09-15 11:38:56.885046-04	participant34@myyeast.com
35	pbkdf2_sha256$600000$o14B3IqNTpLG3Uq2dKjBYG$3ujNrd3GVucsDpdGi9IHKsDgpJ0ou/X+AMHYDwcVfoM=	\N	f			f	t	2025-09-15 11:38:57.072619-04	participant35@myyeast.com
36	pbkdf2_sha256$600000$UofYsuEj9TeuPwktwE54PZ$4C/xx8LskOwVvv6Ow2c1CZuq3yvJibJeA2B4v6vZiUw=	\N	f			f	t	2025-09-15 11:38:57.260707-04	participant36@myyeast.com
37	pbkdf2_sha256$600000$s17407TIKibwtGnuMJ4lCf$f/YIcgDIPNpHcHKpdRjXKnpgNWc2Tg6FQMrwHV8Iy+A=	\N	f			f	t	2025-09-15 11:38:57.44899-04	participant37@myyeast.com
38	pbkdf2_sha256$600000$649CeKW2DlsiqdTdnC4eca$p2GHQ35tQzVNSOxWdzTIlm10aT9xZoCI65eRv/2s2Vo=	\N	f			f	t	2025-09-15 11:38:57.636349-04	participant38@myyeast.com
39	pbkdf2_sha256$600000$iUe3eg0CQM7PKrssdNqohc$KMEYX0J0X/YUtQl8NVCYk9SvoMUNBhEz1pnGYSkH2Ts=	\N	f			f	t	2025-09-15 11:38:57.823818-04	participant39@myyeast.com
40	pbkdf2_sha256$600000$h4mYk6Qh0bz8ibP7vBgvlu$l5QTfuQYo8lDaYF9iy/mC4DNdbobirwVYPDKsn/Zf5M=	\N	f			f	t	2025-09-15 11:38:58.012882-04	participant40@myyeast.com
41	pbkdf2_sha256$600000$QaKC4IliHy6BcfkW1MHKKB$XHYNXqIhxGQDwNBACWzKDkFEmGkTghRnZw2NiIO16Q4=	\N	f			f	t	2025-09-15 11:38:58.200796-04	participant41@myyeast.com
42	pbkdf2_sha256$600000$PFcpXsJ6XcUjFeccjmvrWC$Qby9fRufuvHEtX3Pbk6JZYo41zs+3QwyA6FYPEY6udE=	\N	f			f	t	2025-09-15 11:38:58.388294-04	participant42@myyeast.com
43	pbkdf2_sha256$600000$QYRG0Wx0hfLz5Kmq7v6Vj3$+ACf3zbrqdMCLcdML8+eRgxA3cWajz8NSES1iVYdHA0=	\N	f			f	t	2025-09-15 11:38:58.575578-04	participant43@myyeast.com
44	pbkdf2_sha256$600000$AcVeyCqinu4FCwHbXTvaVK$x0gD+9rbplZ+0Eq+SHQ2g6WBQGbIfexeOJzApS93Xe0=	\N	f			f	t	2025-09-15 11:38:58.762894-04	participant44@myyeast.com
45	pbkdf2_sha256$600000$6M2mNDReTHUbDy7rh8X6JF$46o3s/43vs2s86ur83YxYqxTidY9ncAPvZwWOPKBGSA=	\N	f			f	t	2025-09-15 11:38:58.950943-04	participant45@myyeast.com
46	pbkdf2_sha256$600000$uPtqo3XC6V3IMegsIx1tET$7xey+dtlCah5/xk/3QR7Ges7a//ihXdD08wslsmdeTo=	\N	f			f	t	2025-09-15 11:38:59.141312-04	participant46@myyeast.com
2	pbkdf2_sha256$600000$BqtGK58uVQ2PyfzaKuEa4N$VS3Jlkcu1mwqkU0+FvpiNvDqVk4i6GyhrE22Lc3wFq0=	\N	f			f	t	2025-09-15 11:38:25-04	participant2@myyeast.com
5	pbkdf2_sha256$600000$xInShcnwP875ns0dLAisBF$863Zsz74AGk6N47mM2HKhWPf38vLeLhaTlL0jD0LrHU=	\N	f			f	t	2025-09-15 11:38:26-04	participant5@myyeast.com
3	pbkdf2_sha256$600000$dx0QFHeDEDZgwJuSyOGByI$udzM2n4bxHm+sdSDK0/0KKMOdAJ/PpWvKKY9bafEYDo=	\N	f			f	t	2025-09-15 11:38:25-04	participant3@myyeast.com
48	pbkdf2_sha256$600000$sdiLu63Tq7bL09A6zD2InI$SwIwOeADoIFp3bSvZPsgXk5Y2PmDhxz2i7M/8F3dHU8=	\N	f			f	t	2025-09-16 13:33:16.787141-04	M123@resetstudy.ca
7	pbkdf2_sha256$600000$lw9C3wmqD1eg9ZRIViZ7ZX$U2RV9qKh99j89i5XXFjVoO/AoW1GLYatfKy5UODxtDw=	\N	f			f	t	2025-09-15 11:38:26-04	participant7@myyeast.com
1	pbkdf2_sha256$600000$hlALy8CimpQe94VQao8Kpk$rBns3LeTGdkCgzsw0Tq10gRSo7l/5h1RNAvFoKvM0QI=	\N	t			t	t	2025-09-15 11:21:19-04	john@dowling.ca
28	pbkdf2_sha256$600000$qdYdeCPVYDLbD44qMMElHb$6xR6OkhE+guCmRPIBHfkUVF6g0hK89bSZeu7YsQXpow=	\N	f			f	t	2025-09-15 11:38:47.11256-04	participant28@myyeast.com
29	pbkdf2_sha256$600000$w5MZtsYsj0TynRv8H0j161$7FHr+3nHZWbJjxiaM5MdY9fGVbEmbvjI129p+splJuE=	\N	f			f	t	2025-09-15 11:38:47.303581-04	participant29@myyeast.com
30	pbkdf2_sha256$600000$kWYoTfoeMlpehePOqHNhqg$C88uPsA4FSg5IvEayim8btBFcZCJNkUDwCy9XfxtG/U=	\N	f			f	t	2025-09-15 11:38:47.490996-04	participant30@myyeast.com
31	pbkdf2_sha256$600000$aFwqIzuW5wOREA6ZahSusj$SyQPzSALZtkpay1shh2rCrbynRd6d/5DuLDP/pIGiYY=	\N	f			f	t	2025-09-15 11:38:47.67964-04	participant31@myyeast.com
17	pbkdf2_sha256$600000$vbHepYBIrQggl4XlqSeSfa$5pr6FM5Ll5uyy+5Zo8f3iahczchvAd0QDI0ypIADgCQ=	\N	f			f	t	2025-09-15 11:38:45-04	participant17@myyeast.com
18	pbkdf2_sha256$600000$D5F89fKrY9uqLGGYBicOCW$8uAOOL6xeBom8eMD/konMNAzigqfLb6ekxl0aPduHqw=	\N	f			f	t	2025-09-15 11:38:45-04	participant18@myyeast.com
19	pbkdf2_sha256$600000$CjoFqjeC5f3nJlNyOCnJ8x$szhoZVPB5W2ysGvaEfWNuesucf99ijMfY2/OdUBPmrk=	\N	f			f	t	2025-09-15 11:38:45-04	participant19@myyeast.com
20	pbkdf2_sha256$600000$hH1rUJXgHzNjrUHS3JxE4k$5XJjL9g3xJR8dzr/9iV4nwO/E8iOLxYnoAhvFQAVgzs=	\N	f			f	t	2025-09-15 11:38:45-04	participant20@myyeast.com
21	pbkdf2_sha256$600000$uJHFic6uLmPA8ozjWiID13$rtT/hvrvHDrMqwqSw7rZkOBEVo9S/NYfTtcuAuuFSbk=	\N	f			f	t	2025-09-15 11:38:45-04	participant21@myyeast.com
22	pbkdf2_sha256$600000$KYvRAE7LA7JlRQRlmWqZ8m$EYQnqv9c9HYg11zNV26cfmiP1gnbQvyX2wc7zkmKTWM=	\N	f			f	t	2025-09-15 11:38:45-04	participant22@myyeast.com
23	pbkdf2_sha256$600000$gF30cz4v0sl9qfeoTVQJAF$EkyxIFTwz5Aj3WAaXNfbtxccCs7ud0XLxcFP1IhjUp8=	\N	f			f	t	2025-09-15 11:38:46-04	participant23@myyeast.com
24	pbkdf2_sha256$600000$zzP8qZWLneVnsQp7nWP7iK$fergDKJMdGMpiOYFjXZabW6UkGQjfLVXRGoInqq59y8=	\N	f			f	t	2025-09-15 11:38:46-04	participant24@myyeast.com
25	pbkdf2_sha256$600000$28aP7vztAC2b7E9bGEgUHV$wVrKpF8KieAC5xh41kmgFUV3uO3bdjQN0uWTzU9stOY=	\N	f			f	t	2025-09-15 11:38:46-04	participant25@myyeast.com
26	pbkdf2_sha256$600000$wOonZxOl11wP6obPX79wpm$efndUmeFIPoTHEqQWMrpoA+ZQPE6rwYqe36ZKaWc1rE=	\N	f			f	t	2025-09-15 11:38:46-04	participant26@myyeast.com
27	pbkdf2_sha256$600000$OBBKuMCAROiEffzFgLqpSZ$nUAWr7CkXXcm5aA9Zv42h9H1ZigLwhsvFb7OmTxA3t0=	\N	f			f	t	2025-09-15 11:38:46-04	participant27@myyeast.com
47	pbkdf2_sha256$600000$XKNwkUv1vTLJRfiLf1nCcQ$nTnFQjpcF0AhCxmxvi6Eie6RJQTdtP/Y1bKxTMIjMAg=	\N	f	Debbie	Chan	t	t	2025-09-15 13:43:44-04	debbie@stableright.ca
\.


--
-- Data for Name: core_customuser_groups; Type: TABLE DATA; Schema: public; Owner: gdm_db_user
--

COPY public.core_customuser_groups (id, customuser_id, group_id) FROM stdin;
2	47	1
\.


--
-- Data for Name: core_customuser_user_permissions; Type: TABLE DATA; Schema: public; Owner: gdm_db_user
--

COPY public.core_customuser_user_permissions (id, customuser_id, permission_id) FROM stdin;
\.


--
-- Data for Name: core_participant; Type: TABLE DATA; Schema: public; Owner: gdm_db_user
--

COPY public.core_participant (id, start_date, daily_steps, targets, device_type, fitbit_user_id, fitbit_access_token, fitbit_refresh_token, fitbit_token_expires, fitbit_auth_token, user_id, language, message_history) FROM stdin;
23	2025-09-04	[{"date": "2025-09-04", "value": 4568}, {"date": "2025-09-05", "value": 4434}, {"date": "2025-09-06", "value": 4401}, {"date": "2025-09-07", "value": 4516}, {"date": "2025-09-08", "value": 4380}, {"date": "2025-09-09", "value": 4458}, {"date": "2025-09-10", "value": 4477}, {"date": "2025-09-11", "value": 4365}, {"date": "2025-09-12", "value": 4503}, {"date": "2025-09-13", "value": 4647}, {"date": "2025-09-14", "value": 4431}, {"date": "2025-09-15", "value": 4622}]	{"2025-09-11": {"increase": "500", "new_target": 4962, "average_steps": 4462}}	fitbit	\N			\N	2dbbc7d7-fe02-4662-b54d-1e9d0eddd026	23	en	[]
5	2025-09-02	[{"date": "2025-09-02", "value": 6814}, {"date": "2025-09-03", "value": 7082}, {"date": "2025-09-04", "value": 7012}, {"date": "2025-09-05", "value": 7280}, {"date": "2025-09-06", "value": 6914}, {"date": "2025-09-07", "value": 6794}, {"date": "2025-09-08", "value": 6849}, {"date": "2025-09-09", "value": 7172}, {"date": "2025-09-10", "value": 6985}, {"date": "2025-09-11", "value": 7094}, {"date": "2025-09-12", "value": 6890}, {"date": "2025-09-13", "value": 6823}, {"date": "2025-09-14", "value": 7224}, {"date": "2025-09-15", "value": 7211}]	{"2025-09-09": {"increase": "1000", "new_target": 7963, "average_steps": 6963}}	fitbit	\N			\N	98f1d898-2840-466d-a568-d492e96599a7	5	en	[]
28	2025-09-04	[{"date": "2025-09-04", "value": 9147}, {"date": "2025-09-05", "value": 9729}, {"date": "2025-09-06", "value": 9396}, {"date": "2025-09-07", "value": 9444}, {"date": "2025-09-08", "value": 9557}, {"date": "2025-09-09", "value": 9320}, {"date": "2025-09-10", "value": 9310}, {"date": "2025-09-11", "value": 9240}, {"date": "2025-09-12", "value": 9722}, {"date": "2025-09-13", "value": 9669}, {"date": "2025-09-14", "value": 9705}, {"date": "2025-09-15", "value": 9188}]	{"2025-09-11": {"increase": "increase to 10000", "new_target": 10000, "average_steps": 9414}}	fitbit	\N	\N	\N	\N	d5906c7d-ddb1-4f0a-87c1-d74082ac7d9f	28	en	[]
30	2025-09-04	[{"date": "2025-09-04", "value": 8547}, {"date": "2025-09-05", "value": 7658}, {"date": "2025-09-06", "value": 8054}, {"date": "2025-09-07", "value": 8572}, {"date": "2025-09-08", "value": 7882}, {"date": "2025-09-09", "value": 8143}, {"date": "2025-09-10", "value": 7916}, {"date": "2025-09-11", "value": 8154}, {"date": "2025-09-12", "value": 8528}, {"date": "2025-09-13", "value": 8044}, {"date": "2025-09-14", "value": 8031}, {"date": "2025-09-15", "value": 8301}]	{"2025-09-11": {"increase": "1000", "new_target": 9110, "average_steps": 8110}}	fitbit	\N	\N	\N	\N	f67ec776-7513-4949-8368-a4740dc9e4e8	30	en	[]
47	2025-09-16	{}	{}	fitbit	\N			\N	3616d42d-6740-4011-8372-206cc4aa22c2	47	en	[]
17	2025-09-04	[{"date": "2025-09-04", "value": 8790}, {"date": "2025-09-05", "value": 8437}, {"date": "2025-09-06", "value": 8579}, {"date": "2025-09-07", "value": 8902}, {"date": "2025-09-08", "value": 8622}, {"date": "2025-09-09", "value": 8788}, {"date": "2025-09-10", "value": 8384}, {"date": "2025-09-11", "value": 8476}, {"date": "2025-09-12", "value": 8847}, {"date": "2025-09-13", "value": 8576}, {"date": "2025-09-14", "value": 8553}]	{"2025-09-11": {"increase": "1000", "new_target": 9643, "average_steps": 8643}}	fitbit	\N			\N	8fe5e60f-e753-45e0-83c7-a9c02a218e00	17	en	[]
18	2025-09-04	[{"date": "2025-09-04", "value": 3014}, {"date": "2025-09-05", "value": 3091}, {"date": "2025-09-06", "value": 3105}, {"date": "2025-09-07", "value": 3245}, {"date": "2025-09-08", "value": 3020}, {"date": "2025-09-09", "value": 3150}, {"date": "2025-09-10", "value": 2941}, {"date": "2025-09-11", "value": 2955}, {"date": "2025-09-12", "value": 3197}, {"date": "2025-09-13", "value": 2991}, {"date": "2025-09-14", "value": 3254}]	{"2025-09-11": {"increase": "500", "new_target": 3580, "average_steps": 3080}}	fitbit	\N			\N	e0e2a5f4-98a1-4bc0-85f0-fbd17cd48c8c	18	en	[]
20	2025-09-04	[{"date": "2025-09-04", "value": 5068}, {"date": "2025-09-05", "value": 5214}, {"date": "2025-09-06", "value": 5435}, {"date": "2025-09-07", "value": 5139}, {"date": "2025-09-08", "value": 5166}, {"date": "2025-09-09", "value": 5616}, {"date": "2025-09-10", "value": 5486}, {"date": "2025-09-11", "value": 5059}, {"date": "2025-09-12", "value": 5137}, {"date": "2025-09-13", "value": 5525}]	{"2025-09-11": {"increase": "1000", "new_target": 6303, "average_steps": 5303}}	fitbit	\N			\N	15546169-e44d-4a0e-a011-bfb5330c3e53	20	en	[]
21	2025-09-04	[{"date": "2025-09-04", "value": 11711}, {"date": "2025-09-05", "value": 11834}, {"date": "2025-09-06", "value": 11279}, {"date": "2025-09-07", "value": 11286}, {"date": "2025-09-08", "value": 11800}, {"date": "2025-09-09", "value": 10445}, {"date": "2025-09-10", "value": 11628}, {"date": "2025-09-11", "value": 11773}, {"date": "2025-09-12", "value": 11035}, {"date": "2025-09-13", "value": 10537}, {"date": "2025-09-14", "value": 11557}]	{"2025-09-11": {"increase": "maintain", "new_target": 11426, "average_steps": 11426}}	fitbit	\N			\N	f1266bcd-e4c0-4318-aa94-105cae209aa1	21	en	[]
1	2025-09-16	{}	{}	fitbit	\N			\N	c5effc5b-cccf-4277-a8e6-4ea34872c79f	1	en	[]
3	2025-09-02	[{"date": "2025-09-04", "value": 8105}, {"date": "2025-09-05", "value": 8095}, {"date": "2025-09-06", "value": 8058}, {"date": "2025-09-07", "value": 7816}, {"date": "2025-09-08", "value": 9987}, {"date": "2025-09-09", "value": 11000}, {"date": "2025-09-10", "value": 8999}, {"date": "2025-09-11", "value": 9874}, {"date": "2025-09-12", "value": 8238}, {"date": "2025-09-13", "value": 7702}, {"date": "2025-09-14", "value": 9999}]	{"2025-09-09": {"increase": "1000", "new_target": 8976, "average_steps": 7976}, "2025-09-16": {"increase": "500", "new_target": 9802, "average_steps": 9302}}	fitbit	\N			\N	bbb70ac5-f4ef-445d-bc8c-dc468388ee8a	3	en	[]
22	2025-09-03	[{"date": "2025-09-03", "value": 9612}, {"date": "2025-09-04", "value": 9312}, {"date": "2025-09-05", "value": 9677}, {"date": "2025-09-06", "value": 8825}, {"date": "2025-09-07", "value": 8701}, {"date": "2025-09-08", "value": 9667}, {"date": "2025-09-09", "value": 9459}, {"date": "2025-09-10", "value": 9458}, {"date": "2025-09-11", "value": 9422}, {"date": "2025-09-12", "value": 8909}, {"date": "2025-09-13", "value": 9181}, {"date": "2025-09-14", "value": 8712}]	{"2025-09-10": {"increase": "increase to 10000", "new_target": 10000, "average_steps": 9321}}	fitbit	\N			\N	d73fc47d-8602-493c-ae85-bbbac7e39aa4	22	en	[]
26	2025-09-04	[{"date": "2025-09-04", "value": 8748}, {"date": "2025-09-05", "value": 8379}, {"date": "2025-09-06", "value": 8598}, {"date": "2025-09-07", "value": 7911}, {"date": "2025-09-08", "value": 8164}, {"date": "2025-09-09", "value": 8665}, {"date": "2025-09-10", "value": 8667}, {"date": "2025-09-11", "value": 7885}, {"date": "2025-09-12", "value": 8101}, {"date": "2025-09-13", "value": 8528}]	{"2025-09-011": {"increase": "1000", "new_target": 9447, "average_steps": 8447}}	fitbit	\N			\N	791fb4ac-54eb-4c2a-8dd3-b073d18dc6a2	26	en	[]
29	2025-09-04	[{"date": "2025-08-24", "value": 4741}, {"date": "2025-08-25", "value": 7770}, {"date": "2025-08-26", "value": 4639}, {"date": "2025-08-27", "value": 4909}, {"date": "2025-08-28", "value": 100}, {"date": "2025-08-29", "value": 5222}, {"date": "2025-08-30", "value": 4778}, {"date": "2025-08-31", "value": 4875}, {"date": "2025-09-01", "value": 8889}, {"date": "2025-09-02", "value": 4425}, {"date": "2025-09-03", "value": 5555}, {"date": "2025-09-04", "value": 4741}, {"date": "2025-09-05", "value": 4360}, {"date": "2025-09-06", "value": 4639}, {"date": "2025-09-07", "value": 4909}, {"date": "2025-09-08", "value": 4891}, {"date": "2025-09-09", "value": 4874}, {"date": "2025-09-10", "value": 4778}, {"date": "2025-09-11", "value": 4875}, {"date": "2025-09-12", "value": 4772}, {"date": "2025-09-13", "value": 4425}, {"date": "2025-09-14", "value": 4427}]	{"2025-09-11": {"increase": "500", "new_target": 5241, "average_steps": 4741}}	fitbit	\N	\N	\N	\N	23f0aaaa-3a04-4dc7-ba02-94afb4e4a6b3	29	en	[]
34	2025-09-04	[{"date": "2025-09-04", "value": 9861}, {"date": "2025-09-05", "value": 9754}, {"date": "2025-09-06", "value": 9457}, {"date": "2025-09-07", "value": 9677}, {"date": "2025-09-08", "value": 9664}, {"date": "2025-09-09", "value": 9579}, {"date": "2025-09-10", "value": 10151}, {"date": "2025-09-11", "value": 10019}, {"date": "2025-09-12", "value": 9323}, {"date": "2025-09-13", "value": 10033}, {"date": "2025-09-14", "value": 9702}]	{"2025-09-11": {"increase": "increase to 10000", "new_target": 10000, "average_steps": 9734}}	fitbit	\N	\N	\N	\N	3244b306-9561-4197-bd6e-df6970966cba	34	en	[]
14	2025-09-02	[{"date": "2025-09-03", "value": 11114}, {"date": "2025-09-04", "value": 11527}, {"date": "2025-09-05", "value": 11882}, {"date": "2025-09-06", "value": 11637}, {"date": "2025-09-07", "value": 11627}, {"date": "2025-09-08", "value": 10928}, {"date": "2025-09-09", "value": 11881}, {"date": "2025-09-10", "value": 11810}, {"date": "2025-09-11", "value": 11577}, {"date": "2025-09-12", "value": 11204}, {"date": "2025-09-13", "value": 11954}]	{"2025-09-10": {"increase": "maintain", "new_target": 11513, "average_steps": 11513}}	fitbit	\N	\N	\N	\N	53ba10db-3998-43fc-9a99-744a96c18107	14	en	[]
39	2025-09-04	[{"date": "2025-09-03", "value": 10673}, {"date": "2025-09-04", "value": 10727}, {"date": "2025-09-05", "value": 11130}, {"date": "2025-09-06", "value": 10488}, {"date": "2025-09-07", "value": 10599}, {"date": "2025-09-08", "value": 11321}, {"date": "2025-09-09", "value": 11046}, {"date": "2025-09-10", "value": 11195}, {"date": "2025-09-11", "value": 10897}, {"date": "2025-09-12", "value": 10876}, {"date": "2025-09-13", "value": 11277}]	{"2025-09-10": {"increase": "maintain", "new_target": 10854, "average_steps": 10854}}	fitbit	\N	\N	\N	\N	e6fcc7ce-cf43-4b73-8e53-e8882e4faba4	39	en	[]
48	2022-09-16	[{"value": "4818", "dateTime": "2022-12-06"}, {"value": "3868", "dateTime": "2022-12-07"}, {"value": "9293", "dateTime": "2022-12-08"}, {"value": "773", "dateTime": "2022-12-09"}, {"value": "1774", "dateTime": "2022-12-10"}, {"value": "7480", "dateTime": "2022-12-11"}, {"value": "3769", "dateTime": "2022-12-12"}, {"value": "605", "dateTime": "2022-12-13"}, {"value": "3703", "dateTime": "2022-12-15"}, {"value": "67", "dateTime": "2022-12-16"}, {"value": "8795", "dateTime": "2022-12-17"}, {"value": "4858", "dateTime": "2022-12-18"}, {"value": "7337", "dateTime": "2022-12-19"}, {"value": "9513", "dateTime": "2022-12-20"}, {"value": "3434", "dateTime": "2022-12-21"}, {"value": "7526", "dateTime": "2022-12-22"}, {"value": "2336", "dateTime": "2022-12-23"}, {"value": "5522", "dateTime": "2022-12-24"}, {"value": "15685", "dateTime": "2022-12-25"}, {"value": "8644", "dateTime": "2022-12-26"}, {"value": "6268", "dateTime": "2022-12-27"}, {"value": "4024", "dateTime": "2022-12-28"}, {"value": "6102", "dateTime": "2022-12-29"}, {"value": "7077", "dateTime": "2022-12-30"}, {"value": "3719", "dateTime": "2022-12-31"}, {"value": "1288", "dateTime": "2023-01-01"}, {"value": "8588", "dateTime": "2023-01-02"}, {"value": "16", "dateTime": "2023-01-03"}, {"value": "6146", "dateTime": "2023-02-11"}, {"value": "4623", "dateTime": "2023-02-12"}, {"value": "5256", "dateTime": "2023-02-13"}, {"value": "10605", "dateTime": "2023-02-14"}, {"value": "7794", "dateTime": "2023-02-16"}, {"value": "2892", "dateTime": "2023-02-17"}, {"value": "6547", "dateTime": "2023-02-18"}, {"value": "986", "dateTime": "2023-02-19"}, {"value": "9612", "dateTime": "2023-02-20"}, {"value": "7688", "dateTime": "2023-02-21"}, {"value": "6546", "dateTime": "2023-02-22"}, {"value": "5650", "dateTime": "2023-02-23"}, {"value": "4567", "dateTime": "2023-02-24"}, {"value": "1845", "dateTime": "2023-02-25"}, {"value": "2460", "dateTime": "2023-02-26"}, {"value": "8914", "dateTime": "2023-02-27"}, {"value": "2153", "dateTime": "2023-02-28"}, {"value": "7392", "dateTime": "2023-03-01"}, {"value": "8627", "dateTime": "2023-03-02"}, {"value": "8", "dateTime": "2023-03-09"}, {"value": "2357", "dateTime": "2023-03-10"}, {"value": "4556", "dateTime": "2023-03-19"}, {"value": "9050", "dateTime": "2023-03-20"}, {"value": "6585", "dateTime": "2023-03-21"}, {"value": "5083", "dateTime": "2023-03-22"}, {"value": "8176", "dateTime": "2023-03-23"}, {"value": "5166", "dateTime": "2023-03-24"}, {"value": "297", "dateTime": "2023-03-27"}, {"value": "8663", "dateTime": "2023-03-28"}, {"value": "8634", "dateTime": "2023-03-30"}, {"value": "2547", "dateTime": "2023-03-31"}, {"value": "126", "dateTime": "2023-04-03"}, {"value": "5", "dateTime": "2023-04-05"}, {"value": "613", "dateTime": "2023-05-02"}, {"value": "4112", "dateTime": "2023-05-18"}, {"value": "3022", "dateTime": "2023-05-19"}]	{}	fitbit	B9QRQ7	eyJhbGciOiJIUzI1NiJ9.eyJhdWQiOiIyM1FQSDciLCJzdWIiOiJCOVFSUTciLCJpc3MiOiJGaXRiaXQiLCJ0eXAiOiJhY2Nlc3NfdG9rZW4iLCJzY29wZXMiOiJ3aHIgd3BybyB3YWN0IiwiZXhwIjoxNzU4MDcyODIwLCJpYXQiOjE3NTgwNDQwMjB9.Z0BGtFSDj9QKCzI_YboJ-DJqB_5EcGE17SBVQzILwl8	ceb5873031c1d88238151e4a750f2618609de3a952284bf837649c6ce7b6db20	2025-09-16 21:33:41.054834-04	54392622-efba-4fa2-ae12-280dae46d3f8	48	en	[]
35	2025-09-04	[{"date": "2025-09-03", "value": 14591}, {"date": "2025-09-04", "value": 14514}, {"date": "2025-09-05", "value": 13357}, {"date": "2025-09-06", "value": 13830}, {"date": "2025-09-07", "value": 14060}, {"date": "2025-09-08", "value": 13846}, {"date": "2025-09-09", "value": 14274}, {"date": "2025-09-10", "value": 14229}, {"date": "2025-09-11", "value": 13320}, {"date": "2025-09-12", "value": 14457}, {"date": "2025-09-13", "value": 14599}, {"date": "2025-09-14", "value": 14085}]	{"2025-09-10": {"increase": "maintain", "new_target": 14067, "average_steps": 14067}}	fitbit	\N	\N	\N	\N	1d095921-3acf-4cf8-b664-c2e4a9d31949	35	en	[]
36	2025-09-04	[{"date": "2025-09-03", "value": 8234}, {"date": "2025-09-04", "value": 7788}, {"date": "2025-09-05", "value": 7657}, {"date": "2025-09-06", "value": 7594}, {"date": "2025-09-07", "value": 7863}, {"date": "2025-09-08", "value": 7828}, {"date": "2025-09-09", "value": 7755}, {"date": "2025-09-10", "value": 7604}, {"date": "2025-09-11", "value": 7911}, {"date": "2025-09-12", "value": 7663}, {"date": "2025-09-13", "value": 8206}, {"date": "2025-09-14", "value": 7866}, {"date": "2025-09-15", "value": 7785}]	{"2025-09-10": {"increase": "1000", "new_target": 8817, "average_steps": 7817}}	fitbit	\N	\N	\N	\N	93e04759-8d42-40a5-8c4b-186c7a061b69	36	en	[]
37	2025-09-04	[{"date": "2025-09-03", "value": 12295}, {"date": "2025-09-04", "value": 12645}, {"date": "2025-09-05", "value": 12194}, {"date": "2025-09-06", "value": 12707}, {"date": "2025-09-07", "value": 12378}, {"date": "2025-09-08", "value": 12367}, {"date": "2025-09-09", "value": 11950}, {"date": "2025-09-10", "value": 11796}, {"date": "2025-09-11", "value": 11638}, {"date": "2025-09-12", "value": 12317}, {"date": "2025-09-13", "value": 12855}]	{"2025-09-10": {"increase": "maintain", "new_target": 12362, "average_steps": 12362}}	fitbit	\N	\N	\N	\N	22f9115a-dad0-453f-91da-2f8370d12c64	37	en	[]
40	2025-09-04	[{"date": "2025-09-03", "value": 7123}, {"date": "2025-09-04", "value": 7020}, {"date": "2025-09-05", "value": 6870}, {"date": "2025-09-06", "value": 7087}, {"date": "2025-09-07", "value": 7241}, {"date": "2025-09-08", "value": 7097}, {"date": "2025-09-09", "value": 7001}, {"date": "2025-09-10", "value": 6625}, {"date": "2025-09-11", "value": 7010}, {"date": "2025-09-12", "value": 6929}, {"date": "2025-09-13", "value": 6936}, {"date": "2025-09-14", "value": 6775}]	{"2025-09-10": {"increase": "1000", "new_target": 8062, "average_steps": 7062}}	fitbit	\N	\N	\N	\N	9029dba9-e7a6-40be-9a7c-85236947daff	40	en	[]
41	2025-09-04	[{"date": "2025-09-03", "value": 3978}, {"date": "2025-09-04", "value": 3961}, {"date": "2025-09-05", "value": 3903}, {"date": "2025-09-06", "value": 3996}, {"date": "2025-09-07", "value": 4034}, {"date": "2025-09-08", "value": 4037}, {"date": "2025-09-09", "value": 3986}, {"date": "2025-09-10", "value": 4003}, {"date": "2025-09-11", "value": 4076}, {"date": "2025-09-12", "value": 3832}, {"date": "2025-09-13", "value": 3821}, {"date": "2025-09-14", "value": 3931}, {"date": "2025-09-15", "value": 4061}]	{"2025-09-10": {"increase": "500", "new_target": 4485, "average_steps": 3985}}	fitbit	\N	\N	\N	\N	be26af2f-5ba4-4fd6-90d2-5f3226573f85	41	en	[]
42	2025-09-04	[{"date": "2025-09-03", "value": 3503}, {"date": "2025-09-04", "value": 3756}, {"date": "2025-09-05", "value": 3523}, {"date": "2025-09-06", "value": 3564}, {"date": "2025-09-07", "value": 3559}, {"date": "2025-09-08", "value": 3564}, {"date": "2025-09-09", "value": 3774}, {"date": "2025-09-10", "value": 3499}, {"date": "2025-09-11", "value": 3496}, {"date": "2025-09-12", "value": 3468}, {"date": "2025-09-13", "value": 3756}, {"date": "2025-09-14", "value": 3685}, {"date": "2025-09-15", "value": 3733}]	{"2025-09-10": {"increase": "500", "new_target": 4106, "average_steps": 3606}}	fitbit	\N	\N	\N	\N	51a6f528-37f9-4b34-b8ac-d6e2079b1164	42	en	[]
43	2025-09-03	[{"date": "2025-09-03", "value": 5757}, {"date": "2025-09-04", "value": 5825}, {"date": "2025-09-05", "value": 5875}, {"date": "2025-09-06", "value": 6201}, {"date": "2025-09-07", "value": 5774}, {"date": "2025-09-08", "value": 5755}, {"date": "2025-09-09", "value": 5948}, {"date": "2025-09-10", "value": 5967}, {"date": "2025-09-11", "value": 5849}, {"date": "2025-09-12", "value": 6076}, {"date": "2025-09-13", "value": 6109}, {"date": "2025-09-14", "value": 5824}]	{"2025-09-10": {"increase": "1000", "new_target": 6876, "average_steps": 5876}}	fitbit	\N	\N	\N	\N	82c98d3d-b302-4397-9ab5-5eeb85e97f61	43	en	[]
2	2025-09-02	[{"date": "2025-09-03", "value": 7149}, {"date": "2025-09-04", "value": 6909}, {"date": "2025-09-05", "value": 7156}, {"date": "2025-09-06", "value": 7205}, {"date": "2025-09-07", "value": 7316}, {"date": "2025-09-08", "value": 7269}, {"date": "2025-09-09", "value": 7086}, {"date": "2025-09-10", "value": 7016}, {"date": "2025-09-11", "value": 6893}, {"date": "2025-09-12", "value": 7016}, {"date": "2025-09-13", "value": 6940}, {"date": "2025-09-14", "value": 7073}, {"date": "2025-09-15", "value": 6911}]	{"2025-09-09": {"increase": "1000", "new_target": 8155, "average_steps": 7155}, "2025-09-16": {"increase": "500", "new_target": 7490, "average_steps": 6990}}	fitbit	\N			\N	f201d750-52f4-42d4-b7fb-c7b7f5a0e15c	2	en	[]
24	2025-09-03	[{"date": "2025-09-03", "value": 14490}, {"date": "2025-09-04", "value": 14200}, {"date": "2025-09-05", "value": 13097}, {"date": "2025-09-06", "value": 13776}, {"date": "2025-09-07", "value": 14256}, {"date": "2025-09-08", "value": 14016}, {"date": "2025-09-09", "value": 13752}, {"date": "2025-09-10", "value": 12831}, {"date": "2025-09-11", "value": 14177}, {"date": "2025-09-12", "value": 12942}, {"date": "2025-09-13", "value": 13995}, {"date": "2025-09-14", "value": 14257}]	{"2025-09-10": {"increase": "maintain", "new_target": 13941, "average_steps": 13941}}	fitbit	\N			\N	dcdcc32e-d4c5-4fe2-9334-c3051ac66bd4	24	en	[]
25	2025-09-03	[{"date": "2025-09-03", "value": 10089}, {"date": "2025-09-04", "value": 10004}, {"date": "2025-09-05", "value": 10172}, {"date": "2025-09-06", "value": 9333}, {"date": "2025-09-07", "value": 10141}, {"date": "2025-09-08", "value": 9323}, {"date": "2025-09-09", "value": 9826}, {"date": "2025-09-10", "value": 10200}, {"date": "2025-09-11", "value": 9614}, {"date": "2025-09-12", "value": 9950}, {"date": "2025-09-13", "value": 9653}]	{"2025-09-10": {"increase": "increase to 10000", "new_target": 10000, "average_steps": 9841}}	fitbit	\N			\N	84797f7f-df42-43d2-ae37-d85176815766	25	en	[]
13	2025-09-02	[{"date": "2025-09-03", "value": 4703}, {"date": "2025-09-04", "value": 5055}, {"date": "2025-09-05", "value": 5120}, {"date": "2025-09-06", "value": 5037}, {"date": "2025-09-07", "value": 5034}, {"date": "2025-09-08", "value": 4894}, {"date": "2025-09-09", "value": 4803}, {"date": "2025-09-10", "value": 4570}, {"date": "2025-09-11", "value": 4586}, {"date": "2025-09-12", "value": 4587}, {"date": "2025-09-13", "value": 4643}]	{"2025-09-10": {"increase": "500", "new_target": 5449, "average_steps": 4949}}	fitbit	\N	\N	\N	\N	52273822-bb18-4f39-9e59-f88e110ed129	13	en	[]
15	2025-09-02	[{"date": "2025-09-02", "value": 6619}, {"date": "2025-09-03", "value": 6930}, {"date": "2025-09-04", "value": 6413}, {"date": "2025-09-05", "value": 6383}, {"date": "2025-09-06", "value": 6226}, {"date": "2025-09-07", "value": 6576}, {"date": "2025-09-08", "value": 6464}, {"date": "2025-09-09", "value": 6751}, {"date": "2025-09-10", "value": 6423}, {"date": "2025-09-11", "value": 6961}, {"date": "2025-09-12", "value": 6547}, {"date": "2025-09-13", "value": 6607}]	{"2025-09-09": {"increase": "1000", "new_target": 7515, "average_steps": 6515}, "2025-09-16": {"increase": "500", "new_target": 7157, "average_steps": 6657}}	fitbit	\N	\N	\N	\N	075b2f87-a26a-4273-8eb1-2a5dff3b4daa	15	en	[]
6	2025-09-02	[{"date": "2025-09-02", "value": 4150}, {"date": "2025-09-03", "value": 4430}, {"date": "2025-09-04", "value": 4063}, {"date": "2025-09-05", "value": 4043}, {"date": "2025-09-06", "value": 4344}, {"date": "2025-09-07", "value": 4238}, {"date": "2025-09-08", "value": 4336}, {"date": "2025-09-09", "value": 4322}, {"date": "2025-09-10", "value": 4448}, {"date": "2025-09-11", "value": 3969}, {"date": "2025-09-12", "value": 4054}, {"date": "2025-09-13", "value": 4440}]	{"2025-09-09": {"increase": "500", "new_target": 4729, "average_steps": 4229}}	fitbit	\N	\N	\N	\N	a8ea45aa-d816-4806-93a3-c3adb4f22adc	6	en	[]
19	2025-09-04	[{"date": "2025-09-04", "value": 7860}, {"date": "2025-09-05", "value": 8181}, {"date": "2025-09-06", "value": 8027}, {"date": "2025-09-07", "value": 7734}, {"date": "2025-09-08", "value": 8017}, {"date": "2025-09-09", "value": 7768}, {"date": "2025-09-10", "value": 7844}, {"date": "2025-09-11", "value": 8113}, {"date": "2025-09-12", "value": 7944}, {"date": "2025-09-13", "value": 7850}]	{"2025-09-11": {"increase": "1000", "new_target": 8918, "average_steps": 7918}}	fitbit	\N			\N	a00f027e-c9b8-4d04-864f-6870bda7c370	19	en	[]
9	2025-09-03	[{"date": "2025-09-02", "value": 10169}, {"date": "2025-09-03", "value": 10091}, {"date": "2025-09-04", "value": 10012}, {"date": "2025-09-05", "value": 10174}, {"date": "2025-09-06", "value": 9609}, {"date": "2025-09-07", "value": 9785}, {"date": "2025-09-08", "value": 9845}, {"date": "2025-09-09", "value": 10111}, {"date": "2025-09-10", "value": 9765}, {"date": "2025-09-11", "value": 9654}, {"date": "2025-09-12", "value": 10129}, {"date": "2025-09-13", "value": 10170}, {"date": "2025-09-14", "value": 10117}, {"date": "2025-09-15", "value": 10012}]	{"2025-09-09": {"increase": "increase to 10000", "new_target": 10000, "average_steps": 9955}}	fitbit	\N	\N	\N	\N	cae13370-7daf-4f91-acc8-92c5496bc44e	9	en	[]
16	2025-09-02	[{"date": "2025-09-02", "value": 8968}, {"date": "2025-09-03", "value": 8434}, {"date": "2025-09-04", "value": 8955}, {"date": "2025-09-05", "value": 8408}, {"date": "2025-09-06", "value": 9006}, {"date": "2025-09-07", "value": 8492}, {"date": "2025-09-08", "value": 8407}, {"date": "2025-09-09", "value": 8978}, {"date": "2025-09-10", "value": 8860}, {"date": "2025-09-11", "value": 8916}, {"date": "2025-09-12", "value": 8454}, {"date": "2025-09-13", "value": 8817}]	{"2025-09-09": {"increase": "1000", "new_target": 9667, "average_steps": 8667}, "2025-09-16": {"increase": "500", "new_target": 9305, "average_steps": 8805}}	fitbit	\N	\N	\N	\N	f0ad31f6-528e-4bc8-bc4b-b0d8cf05711e	16	en	[]
4	2025-09-03	[{"date": "2025-09-04", "value": 11235}, {"date": "2025-09-05", "value": 12069}, {"date": "2025-09-06", "value": 11364}, {"date": "2025-09-07", "value": 11073}, {"date": "2025-09-08", "value": 11481}, {"date": "2025-09-09", "value": 11768}, {"date": "2025-09-10", "value": 12274}, {"date": "2025-09-11", "value": 11062}, {"date": "2025-09-12", "value": 11415}, {"date": "2025-09-13", "value": 11411}, {"date": "2025-09-14", "value": 11998}]	{"2025-09-11": {"increase": "maintain", "new_target": 11609, "average_steps": 11609}}	fitbit	\N	\N	\N	\N	da37e32b-e78c-4008-bf20-18bc02575822	4	en	[]
45	2025-09-03	[{"date": "2025-09-03", "value": 4869}, {"date": "2025-09-04", "value": 4622}, {"date": "2025-09-05", "value": 4614}, {"date": "2025-09-06", "value": 4649}, {"date": "2025-09-07", "value": 4807}, {"date": "2025-09-08", "value": 4497}, {"date": "2025-09-09", "value": 4746}, {"date": "2025-09-10", "value": 4722}, {"date": "2025-09-11", "value": 4799}, {"date": "2025-09-12", "value": 4689}, {"date": "2025-09-13", "value": 4786}, {"date": "2025-09-14", "value": 4637}]	{"2025-09-10": {"increase": "500", "new_target": 5186, "average_steps": 4686}}	fitbit	\N	\N	\N	\N	c6e9c301-e2ac-4b98-8036-2c36cf8888f8	45	en	[]
46	2025-09-03	[{"date": "2025-09-02", "value": 9196}, {"date": "2025-09-03", "value": 9070}, {"date": "2025-09-04", "value": 9061}, {"date": "2025-09-05", "value": 9255}, {"date": "2025-09-06", "value": 9839}, {"date": "2025-09-07", "value": 9547}, {"date": "2025-09-08", "value": 9336}, {"date": "2025-09-09", "value": 9253}, {"date": "2025-09-10", "value": 9376}, {"date": "2025-09-11", "value": 9849}, {"date": "2025-09-12", "value": 9829}, {"date": "2025-09-13", "value": 9407}, {"date": "2025-09-14", "value": 9182}]	{"2025-09-09": {"increase": "increase to 10000", "new_target": 10000, "average_steps": 9329}}	fitbit	\N	\N	\N	\N	44ffd8e7-e917-42ca-a632-4929276c208e	46	en	[]
31	2025-09-04	[{"date": "2025-09-02", "value": 8899}, {"date": "2025-09-03", "value": 8669}, {"date": "2025-09-04", "value": 8550}, {"date": "2025-09-05", "value": 8755}, {"date": "2025-09-06", "value": 8642}, {"date": "2025-09-07", "value": 8946}, {"date": "2025-09-08", "value": 8554}, {"date": "2025-09-09", "value": 8511}, {"date": "2025-09-10", "value": 8811}, {"date": "2025-09-11", "value": 8719}, {"date": "2025-09-12", "value": 8448}, {"date": "2025-09-13", "value": 8953}, {"date": "2025-09-14", "value": 8496}, {"date": "2025-09-15", "value": 8584}]	{"2025-09-09": {"increase": "1000", "new_target": 9716, "average_steps": 8716}}	fitbit	\N	\N	\N	\N	356e763c-5b94-42b7-a22d-1e8013fb6c41	31	en	[]
32	2025-09-04	[{"date": "2025-09-02", "value": 9625}, {"date": "2025-09-03", "value": 9124}, {"date": "2025-09-04", "value": 9249}, {"date": "2025-09-05", "value": 9737}, {"date": "2025-09-06", "value": 9087}, {"date": "2025-09-07", "value": 9534}, {"date": "2025-09-08", "value": 9226}, {"date": "2025-09-09", "value": 9426}, {"date": "2025-09-10", "value": 9659}, {"date": "2025-09-11", "value": 9660}, {"date": "2025-09-12", "value": 9497}, {"date": "2025-09-13", "value": 9138}, {"date": "2025-09-14", "value": 9387}]	{"2025-09-09": {"increase": "increase to 10000", "new_target": 10000, "average_steps": 9368}}	fitbit	\N	\N	\N	\N	751a5fe3-9534-41e4-8fd0-1ce6dacc56fb	32	en	[]
33	2025-09-04	[{"date": "2025-09-02", "value": 9272}, {"date": "2025-09-03", "value": 9986}, {"date": "2025-09-04", "value": 9568}, {"date": "2025-09-05", "value": 9790}, {"date": "2025-09-06", "value": 9610}, {"date": "2025-09-07", "value": 10236}, {"date": "2025-09-08", "value": 9978}, {"date": "2025-09-09", "value": 10304}, {"date": "2025-09-10", "value": 9372}, {"date": "2025-09-11", "value": 10306}, {"date": "2025-09-12", "value": 9757}, {"date": "2025-09-13", "value": 9595}, {"date": "2025-09-14", "value": 9672}]	{"2025-09-09": {"increase": "increase to 10000", "new_target": 10000, "average_steps": 9777}}	fitbit	\N	\N	\N	\N	bea3294e-b580-412d-8c56-567aaf7a05e0	33	en	[]
38	2025-09-05	[{"date": "2025-09-02", "value": 9138}, {"date": "2025-09-03", "value": 8850}, {"date": "2025-09-04", "value": 9194}, {"date": "2025-09-05", "value": 9143}, {"date": "2025-09-06", "value": 9443}, {"date": "2025-09-07", "value": 8909}, {"date": "2025-09-08", "value": 9101}, {"date": "2025-09-09", "value": 9052}, {"date": "2025-09-10", "value": 9361}, {"date": "2025-09-11", "value": 8876}, {"date": "2025-09-12", "value": 9099}, {"date": "2025-09-13", "value": 9259}, {"date": "2025-09-14", "value": 9266}]	{"2025-09-09": {"increase": "increase to 10000", "new_target": 10000, "average_steps": 9111}}	fitbit	\N	\N	\N	\N	0b72588e-050e-4080-9f70-10a142fb7bbe	38	en	[]
44	2025-09-03	[{"date": "2025-09-02", "value": 9567}, {"date": "2025-09-03", "value": 9221}, {"date": "2025-09-04", "value": 9401}, {"date": "2025-09-05", "value": 9439}, {"date": "2025-09-06", "value": 9597}, {"date": "2025-09-07", "value": 9403}, {"date": "2025-09-08", "value": 9544}, {"date": "2025-09-09", "value": 9599}, {"date": "2025-09-10", "value": 9271}, {"date": "2025-09-11", "value": 9560}, {"date": "2025-09-12", "value": 9250}, {"date": "2025-09-13", "value": 9394}]	{"2025-09-09": {"increase": "increase to 10000", "new_target": 10000, "average_steps": 9453}}	fitbit	\N	\N	\N	\N	1d3a6e12-871c-4f36-8dc3-f342ca158289	44	en	[]
27	2025-09-03	[{"date": "2025-09-02", "value": 6072}, {"date": "2025-09-03", "value": 5688}, {"date": "2025-09-04", "value": 6025}, {"date": "2025-09-05", "value": 5978}, {"date": "2025-09-06", "value": 5945}, {"date": "2025-09-07", "value": 5986}, {"date": "2025-09-08", "value": 5692}, {"date": "2025-09-09", "value": 5964}, {"date": "2025-09-10", "value": 5869}, {"date": "2025-09-11", "value": 6048}, {"date": "2025-09-12", "value": 5865}, {"date": "2025-09-13", "value": 6030}, {"date": "2025-09-14", "value": 5678}]	{"2025-09-10": {"increase": "1000", "new_target": 6912, "average_steps": 5912}}	fitbit	\N			\N	88beb32c-ade8-4d4c-a6a0-ebe8dea7e5ef	27	en	[]
8	2025-09-03	[{"date": "2025-09-02", "value": 3683}, {"date": "2025-09-03", "value": 3659}, {"date": "2025-09-04", "value": 3742}, {"date": "2025-09-05", "value": 3778}, {"date": "2025-09-06", "value": 3835}, {"date": "2025-09-07", "value": 3746}, {"date": "2025-09-08", "value": 3650}, {"date": "2025-09-09", "value": 3683}, {"date": "2025-09-10", "value": 3776}, {"date": "2025-09-11", "value": 3718}, {"date": "2025-09-12", "value": 3843}, {"date": "2025-09-13", "value": 3695}, {"date": "2025-09-14", "value": 3631}]	{"2025-09-09": {"increase": "500", "new_target": 4227, "average_steps": 3727}}	fitbit	\N	\N	\N	\N	122e4503-6220-4a8a-bf63-dac788b98b9a	8	en	[]
10	2025-09-03	[{"date": "2025-09-02", "value": 6998}, {"date": "2025-09-03", "value": 7175}, {"date": "2025-09-04", "value": 7246}, {"date": "2025-09-05", "value": 7250}, {"date": "2025-09-06", "value": 7246}, {"date": "2025-09-07", "value": 7293}, {"date": "2025-09-08", "value": 6975}, {"date": "2025-09-09", "value": 7059}, {"date": "2025-09-10", "value": 7157}, {"date": "2025-09-11", "value": 7097}, {"date": "2025-09-12", "value": 7091}, {"date": "2025-09-13", "value": 6957}]	{"2025-09-09": {"increase": "1000", "new_target": 8169, "average_steps": 7169}}	fitbit	\N	\N	\N	\N	01442dbe-0f58-41ee-9775-a1cd838e72c0	10	en	[]
11	2025-09-02	[{"date": "2025-09-02", "value": 6619}, {"date": "2025-09-03", "value": 6930}, {"date": "2025-09-04", "value": 6413}, {"date": "2025-09-05", "value": 6383}, {"date": "2025-09-06", "value": 6226}, {"date": "2025-09-07", "value": 6576}, {"date": "2025-09-08", "value": 6464}, {"date": "2025-09-09", "value": 6751}, {"date": "2025-09-10", "value": 6423}, {"date": "2025-09-11", "value": 6961}, {"date": "2025-09-12", "value": 6547}, {"date": "2025-09-13", "value": 6607}]	{"2025-09-09": {"increase": "1000", "new_target": 7515, "average_steps": 6515}}	fitbit	\N	\N	\N	\N	78167720-741c-4dd0-97f6-2d000086bcb5	11	en	[]
12	2025-09-02	[{"date": "2025-09-02", "value": 8968}, {"date": "2025-09-03", "value": 8434}, {"date": "2025-09-04", "value": 8955}, {"date": "2025-09-05", "value": 8408}, {"date": "2025-09-06", "value": 9006}, {"date": "2025-09-07", "value": 8492}, {"date": "2025-09-08", "value": 8407}, {"date": "2025-09-09", "value": 8978}, {"date": "2025-09-10", "value": 8860}, {"date": "2025-09-11", "value": 8916}, {"date": "2025-09-12", "value": 8454}, {"date": "2025-09-13", "value": 8817}]	{"2025-09-09": {"increase": "1000", "new_target": 9667, "average_steps": 8667}}	fitbit	\N	\N	\N	\N	74a43f7f-df24-4cb5-9f07-a32689c87769	12	en	[]
7	2025-09-03	[{"date": "2025-09-02", "value": 8349}, {"date": "2025-09-03", "value": 8089}, {"date": "2025-09-04", "value": 8722}, {"date": "2025-09-05", "value": 8318}, {"date": "2025-09-06", "value": 8694}, {"date": "2025-09-07", "value": 8182}, {"date": "2025-09-08", "value": 8557}, {"date": "2025-09-09", "value": 8079}, {"date": "2025-09-10", "value": 8392}, {"date": "2025-09-11", "value": 8707}, {"date": "2025-09-12", "value": 8700}, {"date": "2025-09-13", "value": 8024}, {"date": "2025-09-14", "value": 8606}, {"date": "2025-09-15", "value": 8603}]	{"2025-09-10": {"increase": "1000", "new_target": 9415, "average_steps": 8415}, "2025-09-17": {"increase": "500", "new_target": 9005, "average_steps": 8505}}	fitbit	\N			\N	1c5d9522-a06e-4108-98d8-9e126f6d863c	7	en	[]
\.


--
-- Data for Name: django_admin_log; Type: TABLE DATA; Schema: public; Owner: gdm_db_user
--

COPY public.django_admin_log (id, action_time, object_id, object_repr, action_flag, change_message, content_type_id, user_id) FROM stdin;
1	2025-09-15 11:30:20.793755-04	11	participant10@myyeast.com	3		4	1
2	2025-09-15 11:30:20.799314-04	12	participant11@myyeast.com	3		4	1
3	2025-09-15 11:30:20.801806-04	13	participant12@myyeast.com	3		4	1
4	2025-09-15 11:30:20.804103-04	14	participant13@myyeast.com	3		4	1
5	2025-09-15 11:30:20.805803-04	15	participant14@myyeast.com	3		4	1
6	2025-09-15 11:30:20.807374-04	16	participant15@myyeast.com	3		4	1
7	2025-09-15 11:30:20.809179-04	2	participant1@myyeast.com	3		4	1
8	2025-09-15 11:30:20.810883-04	3	participant2@myyeast.com	3		4	1
9	2025-09-15 11:30:20.812089-04	4	participant3@myyeast.com	3		4	1
10	2025-09-15 11:30:20.813039-04	5	participant4@myyeast.com	3		4	1
11	2025-09-15 11:30:20.813881-04	6	participant5@myyeast.com	3		4	1
12	2025-09-15 11:30:20.814757-04	7	participant6@myyeast.com	3		4	1
13	2025-09-15 11:30:20.815832-04	8	participant7@myyeast.com	3		4	1
14	2025-09-15 11:30:20.816922-04	9	participant8@myyeast.com	3		4	1
15	2025-09-15 11:30:20.818075-04	10	participant9@myyeast.com	3		4	1
16	2025-09-15 11:34:33.145746-04	1	john@dowling.ca	2	[{"added": {"name": "participant", "object": "john@dowling.ca"}}]	4	1
17	2025-09-15 13:43:44.42394-04	47	debbie@stableright.io	1	[{"added": {}}, {"added": {"name": "participant", "object": "debbie@stableright.io"}}]	4	1
18	2025-09-15 13:44:06.295504-04	47	debbie@stableright.ca	2	[{"changed": {"fields": ["Email"]}}]	4	1
19	2025-09-15 13:45:44.480481-04	47	debbie@stableright.ca	2	[{"changed": {"name": "participant", "object": "debbie@stableright.ca", "fields": ["Fitbit user id"]}}]	4	1
20	2025-09-16 09:48:01.309698-04	5	participant5@myyeast.com	2	[{"changed": {"name": "participant", "object": "participant5@myyeast.com", "fields": ["Start date"]}}]	4	1
21	2025-09-16 10:00:57.932996-04	2	participant2@myyeast.com	2	[{"changed": {"name": "participant", "object": "participant2@myyeast.com", "fields": ["Targets"]}}]	4	1
22	2025-09-16 10:03:10.015307-04	26	participant26@myyeast.com	2	[{"changed": {"name": "participant", "object": "participant26@myyeast.com", "fields": ["Start date"]}}]	4	1
23	2025-09-16 10:07:34.232988-04	17	participant17@myyeast.com	2	[{"changed": {"name": "participant", "object": "participant17@myyeast.com", "fields": ["Start date"]}}]	4	1
24	2025-09-16 10:07:45.269757-04	18	participant18@myyeast.com	2	[{"changed": {"name": "participant", "object": "participant18@myyeast.com", "fields": ["Start date"]}}]	4	1
25	2025-09-16 10:07:56.772029-04	19	participant19@myyeast.com	2	[{"changed": {"name": "participant", "object": "participant19@myyeast.com", "fields": ["Start date"]}}]	4	1
26	2025-09-16 10:08:12.868448-04	20	participant20@myyeast.com	2	[{"changed": {"name": "participant", "object": "participant20@myyeast.com", "fields": ["Start date"]}}]	4	1
27	2025-09-16 10:08:22.439644-04	21	participant21@myyeast.com	2	[{"changed": {"name": "participant", "object": "participant21@myyeast.com", "fields": ["Start date"]}}]	4	1
28	2025-09-16 10:08:30.847033-04	22	participant22@myyeast.com	2	[{"changed": {"name": "participant", "object": "participant22@myyeast.com", "fields": ["Start date"]}}]	4	1
29	2025-09-16 10:09:14.44785-04	20	participant20@myyeast.com	2	[]	4	1
30	2025-09-16 10:09:21.09756-04	20	participant20@myyeast.com	2	[]	4	1
31	2025-09-16 10:09:29.470726-04	21	participant21@myyeast.com	2	[]	4	1
32	2025-09-16 10:09:38.640888-04	22	participant22@myyeast.com	2	[]	4	1
33	2025-09-16 10:09:51.025802-04	22	participant22@myyeast.com	2	[]	4	1
34	2025-09-16 10:10:01.616412-04	23	participant23@myyeast.com	2	[{"changed": {"name": "participant", "object": "participant23@myyeast.com", "fields": ["Start date"]}}]	4	1
35	2025-09-16 10:10:16.403222-04	24	participant24@myyeast.com	2	[{"changed": {"name": "participant", "object": "participant24@myyeast.com", "fields": ["Start date"]}}]	4	1
36	2025-09-16 10:10:28.206692-04	25	participant25@myyeast.com	2	[{"changed": {"name": "participant", "object": "participant25@myyeast.com", "fields": ["Start date"]}}]	4	1
37	2025-09-16 10:11:10.00857-04	26	participant26@myyeast.com	2	[{"changed": {"name": "participant", "object": "participant26@myyeast.com", "fields": ["Start date", "Targets"]}}]	4	1
38	2025-09-16 10:11:29.436396-04	27	participant27@myyeast.com	2	[{"changed": {"name": "participant", "object": "participant27@myyeast.com", "fields": ["Targets"]}}]	4	1
39	2025-09-16 10:13:02.190885-04	3	participant3@myyeast.com	2	[{"changed": {"name": "participant", "object": "participant3@myyeast.com", "fields": ["Targets"]}}]	4	1
40	2025-09-16 10:13:29.06405-04	5	participant5@myyeast.com	2	[{"changed": {"name": "participant", "object": "participant5@myyeast.com", "fields": ["Targets"]}}]	4	1
41	2025-09-16 11:15:21.360271-04	47	debbie@stableright.ca	2	[{"changed": {"fields": ["Groups"]}}]	4	1
42	2025-09-16 13:05:38.372859-04	3	participant3@myyeast.com	2	[{"changed": {"name": "participant", "object": "participant3@myyeast.com", "fields": ["Daily steps"]}}]	4	1
43	2025-09-16 13:06:32.479757-04	3	participant3@myyeast.com	2	[{"changed": {"name": "participant", "object": "participant3@myyeast.com", "fields": ["Daily steps"]}}]	4	1
44	2025-09-16 13:33:17.067718-04	48	M123@resetstudy.ca	1	[{"added": {}}, {"added": {"name": "participant", "object": "M123@resetstudy.ca"}}]	4	1
45	2025-09-17 07:49:44.983237-04	7	participant7@myyeast.com	2	[{"changed": {"name": "participant", "object": "participant7@myyeast.com", "fields": ["Targets"]}}]	4	1
\.


--
-- Data for Name: django_content_type; Type: TABLE DATA; Schema: public; Owner: gdm_db_user
--

COPY public.django_content_type (id, app_label, model) FROM stdin;
1	admin	logentry
2	contenttypes	contenttype
3	sessions	session
4	core	customuser
5	core	participant
6	goals	weeklygoal
7	auth	permission
8	auth	group
\.


--
-- Data for Name: django_migrations; Type: TABLE DATA; Schema: public; Owner: gdm_db_user
--

COPY public.django_migrations (id, app, name, applied) FROM stdin;
1	contenttypes	0001_initial	2025-09-11 08:57:41.797123-04
2	contenttypes	0002_remove_content_type_name	2025-09-11 08:57:41.803911-04
3	auth	0001_initial	2025-09-11 08:57:41.8398-04
4	auth	0002_alter_permission_name_max_length	2025-09-11 08:57:41.844162-04
5	auth	0003_alter_user_email_max_length	2025-09-11 08:57:41.848666-04
6	auth	0004_alter_user_username_opts	2025-09-11 08:57:41.853155-04
7	auth	0005_alter_user_last_login_null	2025-09-11 08:57:41.859052-04
8	auth	0006_require_contenttypes_0002	2025-09-11 08:57:41.86131-04
9	auth	0007_alter_validators_add_error_messages	2025-09-11 08:57:41.865825-04
10	auth	0008_alter_user_username_max_length	2025-09-11 08:57:41.870438-04
11	auth	0009_alter_user_last_name_max_length	2025-09-11 08:57:41.874896-04
12	auth	0010_alter_group_name_max_length	2025-09-11 08:57:41.881068-04
13	auth	0011_update_proxy_permissions	2025-09-11 08:57:41.885772-04
14	auth	0012_alter_user_first_name_max_length	2025-09-11 08:57:41.890593-04
16	core	0001_initial	2025-09-11 08:57:42.020871-04
17	admin	0001_initial	2025-09-11 08:57:42.043292-04
18	admin	0002_logentry_remove_auto_add	2025-09-11 08:57:42.051703-04
19	admin	0003_logentry_add_action_flag_choices	2025-09-11 08:57:42.060122-04
20	goals	0001_initial	2025-09-11 08:57:42.08077-04
21	sessions	0001_initial	2025-09-11 08:57:42.09212-04
22	core	0002_alter_customuser_managers	2025-09-11 09:01:00.546307-04
23	core	0003_participant_language	2025-09-17 08:15:00.135086-04
24	core	0004_participant_message_history	2025-09-17 09:05:40.831576-04
\.


--
-- Data for Name: django_session; Type: TABLE DATA; Schema: public; Owner: gdm_db_user
--

COPY public.django_session (session_key, session_data, expire_date) FROM stdin;
ihs7winzk005lffqvlhwtrb8ii2bzg0x	.eJxVjMsOwiAQRf-FtSEwPMK4dO83EKYMUjWQlHZl_Hdt0oVu7znnvkRM21rjNniJcxZnocXpd6M0PbjtIN9Tu3U59bYuM8ldkQcd8tozPy-H-3dQ06jfuqAnMMZqpRBSAGTOznrrvMrkfLDkjNauQMGAxQSfCQp4NkEBFjbi_QGz2DbI:1uwjgn:e1ICNgqgm354MoHBqtYPBI3So3xQ982DvgtAXUDIak0	2025-09-25 11:58:25.19054-04
8ll3b2uauvromonpn4nl9izvtn5hmjk0	.eJxVjMsOwiAQRf-FtSEwPMK4dO83EKYMUjWQlHZl_Hdt0oVu7znnvkRM21rjNniJcxZnocXpd6M0PbjtIN9Tu3U59bYuM8ldkQcd8tozPy-H-3dQ06jfuqAnMMZqpRBSAGTOznrrvMrkfLDkjNauQMGAxQSfCQp4NkEBFjbi_QGz2DbI:1ux1A9:b8LbT_EytHDFFpBgyfW0zhUbMkUZQ-f9RDmxln5VilE	2025-09-26 06:37:53.442737-04
h9ewuxvgc2lbojtspfdiw8c2b3m1dxxn	.eJxVjMsOwiAURP-FtSFlLBdw6d5vIDyuUjU0Ke3K-O9K0oXuJnPOzEv4sK3Fb40XP2VxEkocfrsY0oNrB_ke6m2Waa7rMkXZFbnTJi9z5ud5d_8OSmilrx3Y2AhDAxijZrIK4ZsAJJMQY1YaeQzHK4hh4AYLItKJHSFb8f4Aw8U24w:1uyB2W:6K4mRywNI9A5t91LXuuT6kp6mNR0WjWeRbTBqvM9BRs	2025-09-29 11:22:48.946764-04
d26b4lr8x2q3gbgb5x3gpft9qd3r95cr	.eJxVjEEOwiAQRe_C2hCgYwdcuvcMhJlBqRqalHZlvLuSdKHJX_338l4qpm0tcWt5iZOokwJUh9-TEj9y7UTuqd5mzXNdl4l0V_ROm77Mkp_n3f0LlNRK716DMzYzsQdwJCx-RGdCMkwD-jB6ZMOSwWKA7NF8N1jvhOgYkEC9PwRwN4s:1uyEIR:K6iBzHQiu3uDQ5dz3ynyQIv3R7XPsYndyJKOYIaaWUU	2025-09-29 14:51:27.258664-04
\.


--
-- Data for Name: goals_weeklygoal; Type: TABLE DATA; Schema: public; Owner: gdm_db_user
--

COPY public.goals_weeklygoal (id, week_start, week_end, average_steps, increase, new_target, created_at, participant_id) FROM stdin;
\.


--
-- Name: auth_group_id_seq; Type: SEQUENCE SET; Schema: public; Owner: gdm_db_user
--

SELECT pg_catalog.setval('public.auth_group_id_seq', 1, true);


--
-- Name: auth_group_permissions_id_seq; Type: SEQUENCE SET; Schema: public; Owner: gdm_db_user
--

SELECT pg_catalog.setval('public.auth_group_permissions_id_seq', 8, true);


--
-- Name: auth_permission_id_seq; Type: SEQUENCE SET; Schema: public; Owner: gdm_db_user
--

SELECT pg_catalog.setval('public.auth_permission_id_seq', 32, true);


--
-- Name: core_customuser_groups_id_seq; Type: SEQUENCE SET; Schema: public; Owner: gdm_db_user
--

SELECT pg_catalog.setval('public.core_customuser_groups_id_seq', 2, true);


--
-- Name: core_customuser_id_seq; Type: SEQUENCE SET; Schema: public; Owner: gdm_db_user
--

SELECT pg_catalog.setval('public.core_customuser_id_seq', 48, true);


--
-- Name: core_customuser_user_permissions_id_seq; Type: SEQUENCE SET; Schema: public; Owner: gdm_db_user
--

SELECT pg_catalog.setval('public.core_customuser_user_permissions_id_seq', 1, false);


--
-- Name: core_participant_id_seq; Type: SEQUENCE SET; Schema: public; Owner: gdm_db_user
--

SELECT pg_catalog.setval('public.core_participant_id_seq', 48, true);


--
-- Name: django_admin_log_id_seq; Type: SEQUENCE SET; Schema: public; Owner: gdm_db_user
--

SELECT pg_catalog.setval('public.django_admin_log_id_seq', 45, true);


--
-- Name: django_content_type_id_seq; Type: SEQUENCE SET; Schema: public; Owner: gdm_db_user
--

SELECT pg_catalog.setval('public.django_content_type_id_seq', 8, true);


--
-- Name: django_migrations_id_seq; Type: SEQUENCE SET; Schema: public; Owner: gdm_db_user
--

SELECT pg_catalog.setval('public.django_migrations_id_seq', 24, true);


--
-- Name: goals_weeklygoal_id_seq; Type: SEQUENCE SET; Schema: public; Owner: gdm_db_user
--

SELECT pg_catalog.setval('public.goals_weeklygoal_id_seq', 20, true);


--
-- Name: auth_group auth_group_name_key; Type: CONSTRAINT; Schema: public; Owner: gdm_db_user
--

ALTER TABLE ONLY public.auth_group
    ADD CONSTRAINT auth_group_name_key UNIQUE (name);


--
-- Name: auth_group_permissions auth_group_permissions_group_id_permission_id_0cd325b0_uniq; Type: CONSTRAINT; Schema: public; Owner: gdm_db_user
--

ALTER TABLE ONLY public.auth_group_permissions
    ADD CONSTRAINT auth_group_permissions_group_id_permission_id_0cd325b0_uniq UNIQUE (group_id, permission_id);


--
-- Name: auth_group_permissions auth_group_permissions_pkey; Type: CONSTRAINT; Schema: public; Owner: gdm_db_user
--

ALTER TABLE ONLY public.auth_group_permissions
    ADD CONSTRAINT auth_group_permissions_pkey PRIMARY KEY (id);


--
-- Name: auth_group auth_group_pkey; Type: CONSTRAINT; Schema: public; Owner: gdm_db_user
--

ALTER TABLE ONLY public.auth_group
    ADD CONSTRAINT auth_group_pkey PRIMARY KEY (id);


--
-- Name: auth_permission auth_permission_content_type_id_codename_01ab375a_uniq; Type: CONSTRAINT; Schema: public; Owner: gdm_db_user
--

ALTER TABLE ONLY public.auth_permission
    ADD CONSTRAINT auth_permission_content_type_id_codename_01ab375a_uniq UNIQUE (content_type_id, codename);


--
-- Name: auth_permission auth_permission_pkey; Type: CONSTRAINT; Schema: public; Owner: gdm_db_user
--

ALTER TABLE ONLY public.auth_permission
    ADD CONSTRAINT auth_permission_pkey PRIMARY KEY (id);


--
-- Name: core_customuser core_customuser_email_key; Type: CONSTRAINT; Schema: public; Owner: gdm_db_user
--

ALTER TABLE ONLY public.core_customuser
    ADD CONSTRAINT core_customuser_email_key UNIQUE (email);


--
-- Name: core_customuser_groups core_customuser_groups_customuser_id_group_id_7990e9c6_uniq; Type: CONSTRAINT; Schema: public; Owner: gdm_db_user
--

ALTER TABLE ONLY public.core_customuser_groups
    ADD CONSTRAINT core_customuser_groups_customuser_id_group_id_7990e9c6_uniq UNIQUE (customuser_id, group_id);


--
-- Name: core_customuser_groups core_customuser_groups_pkey; Type: CONSTRAINT; Schema: public; Owner: gdm_db_user
--

ALTER TABLE ONLY public.core_customuser_groups
    ADD CONSTRAINT core_customuser_groups_pkey PRIMARY KEY (id);


--
-- Name: core_customuser core_customuser_pkey; Type: CONSTRAINT; Schema: public; Owner: gdm_db_user
--

ALTER TABLE ONLY public.core_customuser
    ADD CONSTRAINT core_customuser_pkey PRIMARY KEY (id);


--
-- Name: core_customuser_user_permissions core_customuser_user_per_customuser_id_permission_49ea742a_uniq; Type: CONSTRAINT; Schema: public; Owner: gdm_db_user
--

ALTER TABLE ONLY public.core_customuser_user_permissions
    ADD CONSTRAINT core_customuser_user_per_customuser_id_permission_49ea742a_uniq UNIQUE (customuser_id, permission_id);


--
-- Name: core_customuser_user_permissions core_customuser_user_permissions_pkey; Type: CONSTRAINT; Schema: public; Owner: gdm_db_user
--

ALTER TABLE ONLY public.core_customuser_user_permissions
    ADD CONSTRAINT core_customuser_user_permissions_pkey PRIMARY KEY (id);


--
-- Name: core_participant core_participant_fitbit_auth_token_key; Type: CONSTRAINT; Schema: public; Owner: gdm_db_user
--

ALTER TABLE ONLY public.core_participant
    ADD CONSTRAINT core_participant_fitbit_auth_token_key UNIQUE (fitbit_auth_token);


--
-- Name: core_participant core_participant_pkey; Type: CONSTRAINT; Schema: public; Owner: gdm_db_user
--

ALTER TABLE ONLY public.core_participant
    ADD CONSTRAINT core_participant_pkey PRIMARY KEY (id);


--
-- Name: core_participant core_participant_user_id_key; Type: CONSTRAINT; Schema: public; Owner: gdm_db_user
--

ALTER TABLE ONLY public.core_participant
    ADD CONSTRAINT core_participant_user_id_key UNIQUE (user_id);


--
-- Name: django_admin_log django_admin_log_pkey; Type: CONSTRAINT; Schema: public; Owner: gdm_db_user
--

ALTER TABLE ONLY public.django_admin_log
    ADD CONSTRAINT django_admin_log_pkey PRIMARY KEY (id);


--
-- Name: django_content_type django_content_type_app_label_model_76bd3d3b_uniq; Type: CONSTRAINT; Schema: public; Owner: gdm_db_user
--

ALTER TABLE ONLY public.django_content_type
    ADD CONSTRAINT django_content_type_app_label_model_76bd3d3b_uniq UNIQUE (app_label, model);


--
-- Name: django_content_type django_content_type_pkey; Type: CONSTRAINT; Schema: public; Owner: gdm_db_user
--

ALTER TABLE ONLY public.django_content_type
    ADD CONSTRAINT django_content_type_pkey PRIMARY KEY (id);


--
-- Name: django_migrations django_migrations_pkey; Type: CONSTRAINT; Schema: public; Owner: gdm_db_user
--

ALTER TABLE ONLY public.django_migrations
    ADD CONSTRAINT django_migrations_pkey PRIMARY KEY (id);


--
-- Name: django_session django_session_pkey; Type: CONSTRAINT; Schema: public; Owner: gdm_db_user
--

ALTER TABLE ONLY public.django_session
    ADD CONSTRAINT django_session_pkey PRIMARY KEY (session_key);


--
-- Name: goals_weeklygoal goals_weeklygoal_participant_id_week_start_c8a4950c_uniq; Type: CONSTRAINT; Schema: public; Owner: gdm_db_user
--

ALTER TABLE ONLY public.goals_weeklygoal
    ADD CONSTRAINT goals_weeklygoal_participant_id_week_start_c8a4950c_uniq UNIQUE (participant_id, week_start);


--
-- Name: goals_weeklygoal goals_weeklygoal_pkey; Type: CONSTRAINT; Schema: public; Owner: gdm_db_user
--

ALTER TABLE ONLY public.goals_weeklygoal
    ADD CONSTRAINT goals_weeklygoal_pkey PRIMARY KEY (id);


--
-- Name: auth_group_name_a6ea08ec_like; Type: INDEX; Schema: public; Owner: gdm_db_user
--

CREATE INDEX auth_group_name_a6ea08ec_like ON public.auth_group USING btree (name varchar_pattern_ops);


--
-- Name: auth_group_permissions_group_id_b120cbf9; Type: INDEX; Schema: public; Owner: gdm_db_user
--

CREATE INDEX auth_group_permissions_group_id_b120cbf9 ON public.auth_group_permissions USING btree (group_id);


--
-- Name: auth_group_permissions_permission_id_84c5c92e; Type: INDEX; Schema: public; Owner: gdm_db_user
--

CREATE INDEX auth_group_permissions_permission_id_84c5c92e ON public.auth_group_permissions USING btree (permission_id);


--
-- Name: auth_permission_content_type_id_2f476e4b; Type: INDEX; Schema: public; Owner: gdm_db_user
--

CREATE INDEX auth_permission_content_type_id_2f476e4b ON public.auth_permission USING btree (content_type_id);


--
-- Name: core_customuser_email_e02ad5f6_like; Type: INDEX; Schema: public; Owner: gdm_db_user
--

CREATE INDEX core_customuser_email_e02ad5f6_like ON public.core_customuser USING btree (email varchar_pattern_ops);


--
-- Name: core_customuser_groups_customuser_id_976bc4d7; Type: INDEX; Schema: public; Owner: gdm_db_user
--

CREATE INDEX core_customuser_groups_customuser_id_976bc4d7 ON public.core_customuser_groups USING btree (customuser_id);


--
-- Name: core_customuser_groups_group_id_301aeff4; Type: INDEX; Schema: public; Owner: gdm_db_user
--

CREATE INDEX core_customuser_groups_group_id_301aeff4 ON public.core_customuser_groups USING btree (group_id);


--
-- Name: core_customuser_user_permissions_customuser_id_ebd2ce6c; Type: INDEX; Schema: public; Owner: gdm_db_user
--

CREATE INDEX core_customuser_user_permissions_customuser_id_ebd2ce6c ON public.core_customuser_user_permissions USING btree (customuser_id);


--
-- Name: core_customuser_user_permissions_permission_id_80ceaab9; Type: INDEX; Schema: public; Owner: gdm_db_user
--

CREATE INDEX core_customuser_user_permissions_permission_id_80ceaab9 ON public.core_customuser_user_permissions USING btree (permission_id);


--
-- Name: django_admin_log_content_type_id_c4bce8eb; Type: INDEX; Schema: public; Owner: gdm_db_user
--

CREATE INDEX django_admin_log_content_type_id_c4bce8eb ON public.django_admin_log USING btree (content_type_id);


--
-- Name: django_admin_log_user_id_c564eba6; Type: INDEX; Schema: public; Owner: gdm_db_user
--

CREATE INDEX django_admin_log_user_id_c564eba6 ON public.django_admin_log USING btree (user_id);


--
-- Name: django_session_expire_date_a5c62663; Type: INDEX; Schema: public; Owner: gdm_db_user
--

CREATE INDEX django_session_expire_date_a5c62663 ON public.django_session USING btree (expire_date);


--
-- Name: django_session_session_key_c0390e0f_like; Type: INDEX; Schema: public; Owner: gdm_db_user
--

CREATE INDEX django_session_session_key_c0390e0f_like ON public.django_session USING btree (session_key varchar_pattern_ops);


--
-- Name: goals_weeklygoal_participant_id_9d583ed4; Type: INDEX; Schema: public; Owner: gdm_db_user
--

CREATE INDEX goals_weeklygoal_participant_id_9d583ed4 ON public.goals_weeklygoal USING btree (participant_id);


--
-- Name: auth_group_permissions auth_group_permissions_group_id_b120cbf9_fk; Type: FK CONSTRAINT; Schema: public; Owner: gdm_db_user
--

ALTER TABLE ONLY public.auth_group_permissions
    ADD CONSTRAINT auth_group_permissions_group_id_b120cbf9_fk FOREIGN KEY (group_id) REFERENCES public.auth_group(id) DEFERRABLE INITIALLY DEFERRED;


--
-- Name: auth_group_permissions auth_group_permissions_permission_id_84c5c92e_fk; Type: FK CONSTRAINT; Schema: public; Owner: gdm_db_user
--

ALTER TABLE ONLY public.auth_group_permissions
    ADD CONSTRAINT auth_group_permissions_permission_id_84c5c92e_fk FOREIGN KEY (permission_id) REFERENCES public.auth_permission(id) DEFERRABLE INITIALLY DEFERRED;


--
-- Name: auth_permission auth_permission_content_type_id_2f476e4b_fk_django_co; Type: FK CONSTRAINT; Schema: public; Owner: gdm_db_user
--

ALTER TABLE ONLY public.auth_permission
    ADD CONSTRAINT auth_permission_content_type_id_2f476e4b_fk_django_co FOREIGN KEY (content_type_id) REFERENCES public.django_content_type(id) DEFERRABLE INITIALLY DEFERRED;


--
-- Name: core_customuser_groups core_customuser_grou_customuser_id_976bc4d7_fk_core_cust; Type: FK CONSTRAINT; Schema: public; Owner: gdm_db_user
--

ALTER TABLE ONLY public.core_customuser_groups
    ADD CONSTRAINT core_customuser_grou_customuser_id_976bc4d7_fk_core_cust FOREIGN KEY (customuser_id) REFERENCES public.core_customuser(id) DEFERRABLE INITIALLY DEFERRED;


--
-- Name: core_customuser_groups core_customuser_groups_group_id_301aeff4_fk_auth_group_id; Type: FK CONSTRAINT; Schema: public; Owner: gdm_db_user
--

ALTER TABLE ONLY public.core_customuser_groups
    ADD CONSTRAINT core_customuser_groups_group_id_301aeff4_fk_auth_group_id FOREIGN KEY (group_id) REFERENCES public.auth_group(id) DEFERRABLE INITIALLY DEFERRED;


--
-- Name: core_customuser_user_permissions core_customuser_user_customuser_id_ebd2ce6c_fk_core_cust; Type: FK CONSTRAINT; Schema: public; Owner: gdm_db_user
--

ALTER TABLE ONLY public.core_customuser_user_permissions
    ADD CONSTRAINT core_customuser_user_customuser_id_ebd2ce6c_fk_core_cust FOREIGN KEY (customuser_id) REFERENCES public.core_customuser(id) DEFERRABLE INITIALLY DEFERRED;


--
-- Name: core_customuser_user_permissions core_customuser_user_permission_id_80ceaab9_fk_auth_perm; Type: FK CONSTRAINT; Schema: public; Owner: gdm_db_user
--

ALTER TABLE ONLY public.core_customuser_user_permissions
    ADD CONSTRAINT core_customuser_user_permission_id_80ceaab9_fk_auth_perm FOREIGN KEY (permission_id) REFERENCES public.auth_permission(id) DEFERRABLE INITIALLY DEFERRED;


--
-- Name: core_participant core_participant_user_id_a0e50f27_fk_core_customuser_id; Type: FK CONSTRAINT; Schema: public; Owner: gdm_db_user
--

ALTER TABLE ONLY public.core_participant
    ADD CONSTRAINT core_participant_user_id_a0e50f27_fk_core_customuser_id FOREIGN KEY (user_id) REFERENCES public.core_customuser(id) DEFERRABLE INITIALLY DEFERRED;


--
-- Name: django_admin_log django_admin_log_content_type_id_c4bce8eb_fk_django_co; Type: FK CONSTRAINT; Schema: public; Owner: gdm_db_user
--

ALTER TABLE ONLY public.django_admin_log
    ADD CONSTRAINT django_admin_log_content_type_id_c4bce8eb_fk_django_co FOREIGN KEY (content_type_id) REFERENCES public.django_content_type(id) DEFERRABLE INITIALLY DEFERRED;


--
-- Name: django_admin_log django_admin_log_user_id_c564eba6_fk_core_customuser_id; Type: FK CONSTRAINT; Schema: public; Owner: gdm_db_user
--

ALTER TABLE ONLY public.django_admin_log
    ADD CONSTRAINT django_admin_log_user_id_c564eba6_fk_core_customuser_id FOREIGN KEY (user_id) REFERENCES public.core_customuser(id) DEFERRABLE INITIALLY DEFERRED;


--
-- Name: goals_weeklygoal goals_weeklygoal_participant_id_9d583ed4_fk_core_participant_id; Type: FK CONSTRAINT; Schema: public; Owner: gdm_db_user
--

ALTER TABLE ONLY public.goals_weeklygoal
    ADD CONSTRAINT goals_weeklygoal_participant_id_9d583ed4_fk_core_participant_id FOREIGN KEY (participant_id) REFERENCES public.core_participant(id) DEFERRABLE INITIALLY DEFERRED;


--
-- PostgreSQL database dump complete
--

